arquivo,linha,data,duracao,voz,modelo,id,texto,url
Calacatta-Opera/Calacatta-Opera_take01_Cillian_2026-09-14_97s.mp3,Calacatta-Opera,2026-09-14 04:21,97.9,Cillian,text2speech_v2,529f4ec1-a850-4009-8262-fa5b90660a0a,"Sou um cara adulto, tranquilo, brasileiro fluente, nascido no Brasil. Grandioso como uma apresentação lírica e poético como uma tela de Monet, o Calacatta Opera reinterpreta o mármore clássico sob o olhar do Impressionismo. Aqui, luz e transparência dão vida aos veios e criam uma profundidade óptica fascinante, fazendo com que eles pareçam mudar de intensidade conforme o olhar e a luz percorrem o ambiente. Um dos grandes diferenciais está na alta variação de faces, que proporciona paginações mais elegantes, naturais e exclusivas, com desenhos de veios e sombras bem definidos. Nos formatos gigantes, o Calacatta Opera amplia ainda mais essa experiência: menos juntas, maior continuidade visual e uma estética mais sofisticada, ideal para ambientes integrados e projetos de grande escala. Disponível exclusivamente nos acabamentos Soft, com o toque suave da seda e um brilho delicado natural, com textura fosca contemporânea e alta fidelidade visual. Além da estética, entrega a resistência para o uso diário e a facilidade de limpeza que tornam o porcelanato uma escolha prática para projetos sofisticados. Na hora de vender, destaque a grandiosidade dos formatos, a exclusividade da paginação e a riqueza dos veios. Calacatta Opera. A imponência do mármore, reinterpretada pela luz, pela tecnologia e pelo olhar contemporâneo.",https://d8j0ntlcm91z4.cloudfront.net/user_3JGFMEcCYm9tXW9aKRsjPL7gOHM/hf_20260914_042136_529f4ec1-a850-4009-8262-fa5b90660a0a.mp3
Calacatta-Opera/Calacatta-Opera_take02_Cillian_2026-09-14_99s.mp3,Calacatta-Opera,2026-09-14 04:22,99.4,Cillian,text2speech_v2,c8f029a7-9f21-4e19-a218-bc937344619e,"Sou um cara adulto, tranquilo, brasileiro fluente, nascido no Brasil. Grandioso como uma apresentação lírica e poético como uma tela de Monet, o Calacatta Opera reinterpreta o mármore clássico sob o olhar do Impressionismo. Aqui, luz e transparência dão vida aos veios e criam uma profundidade óptica fascinante, fazendo com que eles pareçam mudar de intensidade conforme o olhar e a luz percorrem o ambiente. Um dos grandes diferenciais está na alta variação de faces, que proporciona paginações mais elegantes, naturais e exclusivas, com desenhos de veios e sombras bem definidos. Nos formatos gigantes, o Calacatta Opera amplia ainda mais essa experiência: menos juntas, maior continuidade visual e uma estética mais sofisticada, ideal para ambientes integrados e projetos de grande escala. Disponível exclusivamente nos acabamentos Soft, com o toque suave da seda e um brilho delicado natural, com textura fosca contemporânea e alta fidelidade visual. Além da estética, entrega a resistência para o uso diário e a facilidade de limpeza que tornam o porcelanato uma escolha prática para projetos sofisticados. Na hora de vender, destaque a grandiosidade dos formatos, a exclusividade da paginação e a riqueza dos veios. Calacatta Opera. A imponência do mármore, reinterpretada pela luz, pela tecnologia e pelo olhar contemporâneo.",https://d8j0ntlcm91z4.cloudfront.net/user_3JGFMEcCYm9tXW9aKRsjPL7gOHM/hf_20260914_042242_c8f029a7-9f21-4e19-a218-bc937344619e.mp3
Calacatta-Opera/Calacatta-Opera_take03_Cillian_2026-09-14_70s.mp3,Calacatta-Opera,2026-09-14 13:49,70.4,Cillian,seed_audio,ec6068de-3d99-48c7-8f7f-0c02f121e72f,"Grandioso como uma apresentação lírica e poético como uma tela de Monet, o Calacatta Opera reinterpreta o mármore clássico sob o olhar do Impressionismo. Aqui, luz e transparência dão vida aos veios e criam uma profundidade óptica fascinante, fazendo com que eles pareçam mudar de intensidade conforme o olhar e a luz percorrem o ambiente. Um dos grandes diferenciais está na alta variação de faces, que proporciona paginações mais elegantes, naturais e exclusivas, com desenhos de veios e sombras bem definidos. Nos formatos gigantes, o Calacatta Opera amplia ainda mais essa experiência: menos juntas, maior continuidade visual e uma estética mais sofisticada, ideal para ambientes integrados e projetos de grande escala. Disponível exclusivamente nos acabamentos Soft, com o toque suave da seda e um brilho delicado natural, com textura fosca contemporânea e alta fidelidade visual. Além da estética, entrega a resistência para o uso diário e a facilidade de limpeza que tornam o porcelanato uma escolha prática para projetos sofisticados. Na hora de vender, destaque a grandiosidade dos formatos, a exclusividade da paginação e a riqueza dos veios. Calacatta Opera. A imponência do mármore, reinterpretada pela luz, pela tecnologia e pelo olhar contemporâneo.",https://d8j0ntlcm91z4.cloudfront.net/user_3JGFMEcCYm9tXW9aKRsjPL7gOHM/hf_20260914_134931_ec6068de-3d99-48c7-8f7f-0c02f121e72f.wav
Calacatta-Opera/Calacatta-Opera_take04_Cillian_2026-09-14_97s.mp3,Calacatta-Opera,2026-09-14 19:55,97.8,Cillian,text2speech_v2,116b5217-104d-4854-bbda-5a00780737e8,"Grandioso como uma apresentação lírica e poético como uma tela de Monet, o Calacatta Opera reinterpreta o mármore clássico sob o olhar do Impressionismo. Aqui, luz e transparência dão vida aos veios e criam uma profundidade óptica fascinante, fazendo com que eles pareçam mudar de intensidade conforme o olhar e a luz percorrem o ambiente. Um dos grandes diferenciais está na alta variação de faces, que proporciona paginações mais elegantes, naturais e exclusivas, com desenhos de veios e sombras bem definidos. Nos formatos gigantes, o Calacatta Opera amplia ainda mais essa experiência: menos juntas, maior continuidade visual e uma estética mais sofisticada, ideal para ambientes integrados e projetos de grande escala. Disponível exclusivamente nos acabamentos Soft, com o toque suave da seda e um brilho delicado natural, com textura fosca contemporânea e alta fidelidade visual. Além da estética, entrega a resistência para o uso diário e a facilidade de limpeza que tornam o porcelanato uma escolha prática para projetos sofisticados. Na hora de vender, destaque a grandiosidade dos formatos, a exclusividade da paginação e a riqueza dos veios. Calacatta Opera. A imponência do mármore, reinterpretada pela luz, pela tecnologia e pelo olhar contemporâneo.",https://d8j0ntlcm91z4.cloudfront.net/user_3JGFMEcCYm9tXW9aKRsjPL7gOHM/hf_20260914_195516_116b5217-104d-4854-bbda-5a00780737e8.mp3
Calacatta-Opera/Calacatta-Opera_take05_Cillian_2026-09-14_101s.mp3,Calacatta-Opera,2026-09-14 20:17,101.0,Cillian,text2speech_v2,cdedb346-8645-4173-a7ad-b378441b14fe,"Brasileiro, né, meu?? Tamo no Brasil, assim que é.  Grandioso como uma apresentação lírica e poético como uma tela de Monet, o Calacatta Opera reinterpreta o mármore clássico sob o olhar do Impressionismo. Aqui, luz e transparência dão vida aos veios e criam uma profundidade óptica fascinante, fazendo com que eles pareçam mudar de intensidade conforme o olhar e a luz percorrem o ambiente. Um dos grandes diferenciais está na alta variação de faces, que proporciona paginações mais elegantes, naturais e exclusivas, com desenhos de veios e sombras bem definidos. Nos formatos gigantes, o Calacatta Opera amplia ainda mais essa experiência: menos juntas, maior continuidade visual e uma estética mais sofisticada, ideal para ambientes integrados e projetos de grande escala. Disponível exclusivamente nos acabamentos Soft, com o toque suave da seda e um brilho delicado natural, com textura fosca contemporânea e alta fidelidade visual. Além da estética, entrega a resistência para o uso diário e a facilidade de limpeza que tornam o porcelanato uma escolha prática para projetos sofisticados. Na hora de vender, destaque a grandiosidade dos formatos, a exclusividade da paginação e a riqueza dos veios. Calacatta Opera. A imponência do mármore, reinterpretada pela luz, pela tecnologia e pelo olhar contemporâneo.",https://d8j0ntlcm91z4.cloudfront.net/user_3JGFMEcCYm9tXW9aKRsjPL7gOHM/hf_20260914_201730_cdedb346-8645-4173-a7ad-b378441b14fe.mp3
Calacatta-Opera/Calacatta-Opera_take06_Cillian_2026-09-14_95s.mp3,Calacatta-Opera,2026-09-14 20:17,95.2,Cillian,text2speech_v2,54ca78e3-5d22-42c5-a8eb-4f4011049937,"Brasileiro, né, meu?? Tamo no Brasil, assim que é.  Grandioso como uma apresentação lírica e poético como uma tela de Monet, o Calacatta Opera reinterpreta o mármore clássico sob o olhar do Impressionismo. Aqui, luz e transparência dão vida aos veios e criam uma profundidade óptica fascinante, fazendo com que eles pareçam mudar de intensidade conforme o olhar e a luz percorrem o ambiente. Um dos grandes diferenciais está na alta variação de faces, que proporciona paginações mais elegantes, naturais e exclusivas, com desenhos de veios e sombras bem definidos. Nos formatos gigantes, o Calacatta Opera amplia ainda mais essa experiência: menos juntas, maior continuidade visual e uma estética mais sofisticada, ideal para ambientes integrados e projetos de grande escala. Disponível exclusivamente nos acabamentos Soft, com o toque suave da seda e um brilho delicado natural, com textura fosca contemporânea e alta fidelidade visual. Além da estética, entrega a resistência para o uso diário e a facilidade de limpeza que tornam o porcelanato uma escolha prática para projetos sofisticados. Na hora de vender, destaque a grandiosidade dos formatos, a exclusividade da paginação e a riqueza dos veios. Calacatta Opera. A imponência do mármore, reinterpretada pela luz, pela tecnologia e pelo olhar contemporâneo.",https://d8j0ntlcm91z4.cloudfront.net/user_3JGFMEcCYm9tXW9aKRsjPL7gOHM/hf_20260914_201724_54ca78e3-5d22-42c5-a8eb-4f4011049937.mp3
Calacatta-Opera/Calacatta-Opera_take07_Estefani_2026-09-15_113s.mp3,Calacatta-Opera,2026-09-15 04:46,113.8,Estefani,seed_audio,8cedaec8-c782-441b-8a6a-4042ae0ee400,"Brasileiro, né, meu?? Tamo no Brasil, assim que é.  Grandioso como uma apresentação lírica e poético como uma tela de Monet, o Calacatta Opera reinterpreta o mármore clássico sob o olhar do Impressionismo. Aqui, luz e transparência dão vida aos veios e criam uma profundidade óptica fascinante, fazendo com que eles pareçam mudar de intensidade conforme o olhar e a luz percorrem o ambiente. Um dos grandes diferenciais está na alta variação de faces, que proporciona paginações mais elegantes, naturais e exclusivas, com desenhos de veios e sombras bem definidos. Nos formatos gigantes, o Calacatta Opera amplia ainda mais essa experiência: menos juntas, maior continuidade visual e uma estética mais sofisticada, ideal para ambientes integrados e projetos de grande escala. Disponível exclusivamente nos acabamentos Soft, com o toque suave da seda e um brilho delicado natural, com textura fosca contemporânea e alta fidelidade visual. Além da estética, entrega a resistência para o uso diário e a facilidade de limpeza que tornam o porcelanato uma escolha prática para projetos sofisticados. Na hora de vender, destaque a grandiosidade dos formatos, a exclusividade da paginação e a riqueza dos veios. Calacatta Opera. A imponência do mármore, reinterpretada pela luz, pela tecnologia e pelo olhar contemporâneo.",https://d8j0ntlcm91z4.cloudfront.net/user_3JGFMEcCYm9tXW9aKRsjPL7gOHM/hf_20260915_044652_8cedaec8-c782-441b-8a6a-4042ae0ee400.mp3
Calacatta-Opera/Calacatta-Opera_take08_Estefani_2026-09-15_96s.mp3,Calacatta-Opera,2026-09-15 04:46,96.5,Estefani,text2speech_v2,eb28e00a-28ad-4688-997f-b18f6bfd42f2,"Brasileiro, né, meu?? Tamo no Brasil, assim que é.  Grandioso como uma apresentação lírica e poético como uma tela de Monet, o Calacatta Opera reinterpreta o mármore clássico sob o olhar do Impressionismo. Aqui, luz e transparência dão vida aos veios e criam uma profundidade óptica fascinante, fazendo com que eles pareçam mudar de intensidade conforme o olhar e a luz percorrem o ambiente. Um dos grandes diferenciais está na alta variação de faces, que proporciona paginações mais elegantes, naturais e exclusivas, com desenhos de veios e sombras bem definidos. Nos formatos gigantes, o Calacatta Opera amplia ainda mais essa experiência: menos juntas, maior continuidade visual e uma estética mais sofisticada, ideal para ambientes integrados e projetos de grande escala. Disponível exclusivamente nos acabamentos Soft, com o toque suave da seda e um brilho delicado natural, com textura fosca contemporânea e alta fidelidade visual. Além da estética, entrega a resistência para o uso diário e a facilidade de limpeza que tornam o porcelanato uma escolha prática para projetos sofisticados. Na hora de vender, destaque a grandiosidade dos formatos, a exclusividade da paginação e a riqueza dos veios. Calacatta Opera. A imponência do mármore, reinterpretada pela luz, pela tecnologia e pelo olhar contemporâneo.",https://d8j0ntlcm91z4.cloudfront.net/user_3JGFMEcCYm9tXW9aKRsjPL7gOHM/hf_20260915_044634_eb28e00a-28ad-4688-997f-b18f6bfd42f2.mp3
Calacatta-Opera/Calacatta-Opera_take09_Estefani_2026-09-15_102s.mp3,Calacatta-Opera,2026-09-15 04:52,102.0,Estefani,seed_audio,3619884d-3243-496c-a3aa-4fbb6630aed6,"Brasileiro, né, meu?? Tamo no Brasil, assim que é.  Grandioso como uma apresentação lírica e poético como uma tela de Monê, o Calacatta Opera reinterpreta o mármore clássico sob o olhar do Impressionismo. Aqui, luz e transparência dão vida aos veios e criam uma profundidade óptica fascinante, fazendo com que eles parêçam mudar de intensidade conforme o olhar e a luz percorrem o ambiente. Um dos grandes diferenciais está na alta variação de faces, que proporciona paginações mais elegantes, naturais e exclusivas, com desenhos de veios e sombras bem definidos. Nos formatos gigantes, o Calacatta Opera amplia ainda mais essa experiência: menos juntas, maior continuidade visual e uma estética mais sofisticada, ideal para ambientes integrados e projetos de grande escala. Disponível exclusivamente nos acabamentos Soft, com o toque suave da seda e um brilho delicado natural, com textura fosca contemporânea e alta fidelidade visual. Além da estética, entrega a resistência para o uso diário e a facilidade de limpeza que tornam o porcelanato uma escolha prática para projetos sofisticados. Na hora de vender, destaque a grandiosidade dos formatos, a exclusividade da paginação e a riqueza dos veios. Calacatta Opera. A imponência do mármore, reinterpretada pela luz, pela tecnologia e pelo olhar contemporâneo.",https://d8j0ntlcm91z4.cloudfront.net/user_3JGFMEcCYm9tXW9aKRsjPL7gOHM/hf_20260915_045253_3619884d-3243-496c-a3aa-4fbb6630aed6.mp3
Calacatta-Opera/Calacatta-Opera_take10_Estefani_2026-09-15_107s.mp3,Calacatta-Opera,2026-09-15 04:57,107.6,Estefani,seed_audio,de5b2e90-476d-4b5f-a0df-f7fa1e03f4e8,"Brasileiro, né, meu?? Tamo no Brasil, assim que é.  Grandioso como uma apresentação lírica e poético como uma tela de Monê... o Calacatta Opera reinterpreta o mármore clássico sob o olhar do Impressionismo. Aqui, luz e transparência dão vida aos veios e criam uma profundidade óptica fascinante, fazendo com que eles parêçam mudar de intensidade conforme o olhar e a luz percorrem o ambiente. Um dos grandes diferenciais está na alta variação de faces, que proporciona paginações mais elegantes, naturais e exclusivas, com desenhos de veios e sombras bem definidos. Nos formatos gigantes, o Calacatta Opera amplia ainda mais essa experiência: menos juntas, maior continuidade visual e uma estética mais sofisticada, ideal para ambientes integrados e projetos de grande escala. Disponível exclusivamente nos acabamentos Soft, com o toque suave da seda e um brilho delicado natural, com textura fosca contemporânea e alta fidelidade visual. Além da estética, entrega a resistência para o uso diário e a facilidade de limpeza que tornam o porcelanato uma escolha prática para projetos sofisticados. Na hora de vender, destaque a grandiosidade dos formatos, a exclusividade da paginação e a riqueza dos veios. Calacatta Opera. A imponência do mármore, reinterpretada pela luz, pela tecnologia e pelo olhar contemporâneo.",https://d8j0ntlcm91z4.cloudfront.net/user_3JGFMEcCYm9tXW9aKRsjPL7gOHM/hf_20260915_045721_de5b2e90-476d-4b5f-a0df-f7fa1e03f4e8.mp3
Calacatta-Opera/Calacatta-Opera_take11_Estefani_2026-09-15_93s.mp3,Calacatta-Opera,2026-09-15 05:00,93.3,Estefani,seed_audio,51609cab-d3ab-4abb-b852-5f7157ca50a8,"Brasileiro, né, meu?? Tamo no Brasil, assim que é.  Grandioso como uma apresentação lírica, e poético como uma tela de Monê... o Calacatta Opera reinterpreta o mármore clássico sob o olhar do Impressionismo. Aqui, luz e transparência dão vida aos veios e criam uma profundidade óptica fascinante, fazendo com que eles parêçam mudar de intensidade conforme o olhar e a luz percorrem o ambiente. Um dos grandes diferenciais está na alta variação de faces, que proporciona paginações mais elegantes, naturais e exclusivas, com desenhos de veios e sombras bem definidos. Nos formatos gigantes, o Calacatta Opera amplia ainda mais essa experiência: menos juntas, maior continuidade visual e uma estética mais sofisticada, ideal para ambientes integrados e projetos de grande escala. Disponível exclusivamente nos acabamentos Soft, com o toque suave da seda e um brilho delicado natural, com textura fosca contemporânea e alta fidelidade visual. Além da estética, entrega a resistência para o uso diário e a facilidade de limpeza que tornam o porcelanato uma escolha prática para projetos sofisticados. Na hora de vender, destaque a grandiosidade dos formatos, a exclusividade da paginação e a riqueza dos veios. Calacatta Opera. A imponência do mármore, reinterpretada pela luz, pela tecnologia e pelo olhar contemporâneo.",https://d8j0ntlcm91z4.cloudfront.net/user_3JGFMEcCYm9tXW9aKRsjPL7gOHM/hf_20260915_050046_51609cab-d3ab-4abb-b852-5f7157ca50a8.mp3
Calacatta-Opera/Calacatta-Opera_take12_Estefani_2026-09-15_98s.mp3,Calacatta-Opera,2026-09-15 05:07,98.4,Estefani,seed_audio,6ed0ced5-f8b9-44b1-8f95-bd8ad4ecac74,"Brasileiro, né, meu?? Tamo no Brasil, assim que é.  Grandioso como uma apresentação lírica, e poético como uma tela de Monê. o Calacatta Opera reinterpreta o mármore clássico sob o olhar do Impressionismo. Aqui, luz e transparência dão vida aos veios e criam uma profundidade óptica fascinante, fazendo com que eles parêçam mudar de intensidade conforme o olhar e a luz percorrem o ambiente. Um dos grandes diferenciais está na alta variação de faces, que proporciona paginações mais elegantes, naturais e exclusivas, com desenhos de veios e sombras bem definidos. Nos formatos gigantes, o Calacatta Opera amplia ainda mais essa experiência: menos juntas, maior continuidade visual e uma estética mais sofisticada, ideal para ambientes integrados e projetos de grande escala. Disponível exclusivamente nos acabamentos Soft, com o toque suave da seda e um brilho delicado natural, com textura fosca contemporânea e alta fidelidade visual. Além da estética, entrega a resistência para o uso diário e a facilidade de limpeza que tornam o porcelanato uma escolha prática para projetos sofisticados. Na hora de vender, destaque a grandiosidade dos formatos, a exclusividade da paginação e a riqueza dos veios. Calacatta Opera. A imponência do mármore, reinterpretada pela luz, pela tecnologia e pelo olhar contemporâneo.",https://d8j0ntlcm91z4.cloudfront.net/user_3JGFMEcCYm9tXW9aKRsjPL7gOHM/hf_20260915_050723_6ed0ced5-f8b9-44b1-8f95-bd8ad4ecac74.mp3
Calacatta-Opera/Calacatta-Opera_take13_Estefani_2026-09-15_113s.mp3,Calacatta-Opera,2026-09-15 05:12,113.8,Estefani,seed_audio,15a66834-8ec1-4834-9ef0-26b2ef3f4a00,"Brasileiro, né, meu?? Tamo no Brasil, assim que é.  Grandioso como uma apresentação lírica, e poético como uma tela de Monê. o Calacatta Opera reinterpreta o mármore clássico sob o olhar do Impressionismo. Aqui, luz e transparência dão vida aos veios e criam uma profundidade óptica fascinante, fazendo com que eles parêçam mudar de intensidade conforme o olhar e a luz percorrem o ambiente. Um dos grandes diferenciais está na alta variação de faces, que proporciona paginações mais elegantes, naturais e exclusivas, com desenhos de veios e sombras bem definidos. Nos formatos gigantes, o Calacatta Opera amplia ainda mais essa experiência: menos juntas, maior continuidade visual e uma estética mais sofisticada, ideal para ambientes integrados e projetos de grande escala. Disponível exclusivamente nos acabamentos Soft, com o toque suave da seda e um brilho delicado natural, com textura fosca contemporânea e alta fidelidade visual. Além da estética, entrega a resistência para o uso diário e a facilidade de limpeza que tornam o porcelanato uma escolha prática para projetos sofisticados. Na hora de vender, destaque a grandiosidade dos formatos, a exclusividade da paginação e a riqueza dos veios. Calacatta Opera. A imponência do mármore, reinterpretada pela luz, pela tecnologia e pelo olhar contemporâneo.",https://d8j0ntlcm91z4.cloudfront.net/user_3JGFMEcCYm9tXW9aKRsjPL7gOHM/hf_20260915_051247_15a66834-8ec1-4834-9ef0-26b2ef3f4a00.mp3
Calacatta-Opera/Calacatta-Opera_take14_Estefani_2026-09-15_124s.mp3,Calacatta-Opera,2026-09-15 05:15,124.1,Estefani,seed_audio,fd54dc3b-f493-4191-8955-b6d0c48ecf00,"Brasileiro, né, meu?? Tamo no Brasil, assim que é.  Grandioso como uma apresentação lírica, e poético como uma tela de Monê. o Calacatta Opera reinterpreta o mármore clássico sob o olhar do Impressionismo. Aqui, luz e transparência dão vida aos veios e criam uma profundidade óptica fascinante, fazendo com que eles parêçam mudar de intensidade conforme o olhar e a luz percorrem o ambiente. Um dos grandes diferenciais está na alta variação de faces, que proporciona paginações mais elegantes, naturais e exclusivas, com desenhos de veios e sombras bem definidos. Nos formatos gigantes, o Calacatta Opera amplia ainda mais essa experiência: menos juntas, maior continuidade visual e uma estética mais sofisticada, ideal para ambientes integrados e projetos de grande escala. Disponível exclusivamente nos acabamentos Soft, com o toque suave da seda e um brilho delicado natural, com textura fosca contemporânea e alta fidelidade visual. Além da estética, entrega a resistência para o uso diário e a facilidade de limpeza que tornam o porcelanato uma escolha prática para projetos sofisticados. Na hora de vender, destaque a grandiosidade dos formatos, a exclusividade da paginação e a riqueza dos veios. Calacatta Opera. A imponência do mármore, reinterpretada pela luz, pela tecnologia e pelo olhar contemporâneo.",https://d8j0ntlcm91z4.cloudfront.net/user_3JGFMEcCYm9tXW9aKRsjPL7gOHM/hf_20260915_051526_fd54dc3b-f493-4191-8955-b6d0c48ecf00.mp3
Calacatta-Opera/Calacatta-Opera_take15_Estefani_2026-09-15_102s.mp3,Calacatta-Opera,2026-09-15 05:19,102.3,Estefani,seed_audio,8b9d10fe-3e99-406b-9434-a2670d67afcd,"Brasileiro, né, meu?? Tamo no Brasil, assim que é.  Grandioso como uma apresentação lírica, e poético como uma tela de Monê. o Calacatta Opera reinterpreta o mármore clássico sob o olhar do Impressionismo. Aqui, luz e transparência dão vida aos veios e criam uma profundidade óptica fascinante, fazendo com que eles parêçam mudar de intensidade conforme o olhar e a luz percorrem o ambiente. Um dos grandes diferenciais está na alta variação de faces, que proporciona paginações mais elegantes, naturais e exclusivas, com desenhos de veios e sombras bem definidos. Nos formatos gigantes, o Calacatta Opera amplia ainda mais essa experiência: menos juntas, maior continuidade visual e uma estética mais sofisticada, ideal para ambientes integrados e projetos de grande escala. Disponível exclusivamente nos acabamentos Soft, com o toque suave da seda e um brilho delicado natural, com textura fosca contemporânea e alta fidelidade visual. Além da estética, entrega a resistência para o uso diário e a facilidade de limpeza que tornam o porcelanato uma escolha prática para projetos sofisticados. Na hora de vender, destaque a grandiosidade dos formatos, a exclusividade da paginação e a riqueza dos veios. Calacatta Opera. A imponência do mármore, reinterpretada pela luz, pela tecnologia e pelo olhar contemporâneo.",https://d8j0ntlcm91z4.cloudfront.net/user_3JGFMEcCYm9tXW9aKRsjPL7gOHM/hf_20260915_051949_8b9d10fe-3e99-406b-9434-a2670d67afcd.mp3
Calacatta-Opera/Calacatta-Opera_take16_Estefani_2026-09-15_62s.mp3,Calacatta-Opera,2026-09-15 07:55,62.7,Estefani,seed_audio,31fc796a-6673-4fe8-9e63-2a684b4f2fa6,"Grandioso como uma apresentação lírica, e poético como uma tela de Monê. o Calacatta Opera reinterpreta o mármore clássico sob o olhar do Impressionismo. Aqui, luz e transparência dão vida aos veios e criam uma profundidade óptica fascinante, fazendo com que eles parêçam mudar de intensidade conforme o olhar e a luz percorrem o ambiente. Um dos grandes diferenciais está na alta variação de faces, que proporciona paginações mais elegantes, naturais e exclusivas, com desenhos de veios e sombras bem definidos. Nos formatos gigantes, o Calacatta Opera amplia ainda mais essa experiência: menos juntas, maior continuidade visual e uma estética mais sofisticada, ideal para ambientes integrados e projetos de grande escala. Disponível exclusivamente nos acabamentos Soft, com o toque suave da seda e um brilho delicado natural, com textura fosca contemporânea e alta fidelidade visual. Além da estética, entrega a resistência para o uso diário e a facilidade de limpeza que tornam o porcelanato uma escolha prática para projetos sofisticados. Na hora de vender, destaque a grandiosidade dos formatos, a exclusividade da paginação e a riqueza dos veios. Calacatta Opera. A imponência do mármore, reinterpretada pela luz, pela tecnologia e pelo olhar contemporâneo.",https://d8j0ntlcm91z4.cloudfront.net/user_3JGFMEcCYm9tXW9aKRsjPL7gOHM/hf_20260915_075539_31fc796a-6673-4fe8-9e63-2a684b4f2fa6.wav
Calacatta-Opera/Calacatta-Opera_take17_Estefani_2026-09-15_72s.mp3,Calacatta-Opera,2026-09-15 08:00,72.8,Estefani,seed_audio,b73deaa6-077d-4f23-a1cf-2228773d5b61,"Grandioso como uma apresentação lírica, e poético como uma tela de Monê. o Calacatta Opera reinterpreta o mármore clássico sob o olhar do Impressionismo. Aqui, luz e transparência dão vida aos veios e criam uma profundidade óptica fascinante, fazendo com que eles parêçam mudar de intensidade conforme o olhar e a luz percorrem o ambiente. Um dos grandes diferenciais está na alta variação de faces, que proporciona paginações mais elegantes, naturais e exclusivas, com desenhos de veios e sombras bem definidos. Nos formatos gigantes, o Calacatta Opera amplia ainda mais essa experiência: menos juntas, maior continuidade visual e uma estética mais sofisticada, ideal para ambientes integrados e projetos de grande escala. Disponível exclusivamente nos acabamentos Soft, com o toque suave da seda e um brilho delicado natural, com textura fosca contemporânea e alta fidelidade visual. Além da estética, entrega a resistência para o uso diário e a facilidade de limpeza que tornam o porcelanato uma escolha prática para projetos sofisticados. Na hora de vender, destaque a grandiosidade dos formatos, a exclusividade da paginação e a riqueza dos veios. Calacatta Opera. A imponência do mármore, reinterpretada pela luz, pela tecnologia e pelo olhar contemporâneo.",https://d8j0ntlcm91z4.cloudfront.net/user_3JGFMEcCYm9tXW9aKRsjPL7gOHM/hf_20260915_080052_b73deaa6-077d-4f23-a1cf-2228773d5b61.wav
Calacatta-Opera/Calacatta-Opera_take18_Estefani_2026-09-15_121s.mp3,Calacatta-Opera,2026-09-15 08:03,121.2,Estefani,seed_audio,4c8714bd-8b25-438e-a5f6-c6033eefceaa,"Grandioso como uma apresentação lírica, e poético como uma tela de Monê. o Calacatta Opera reinterpreta o mármore clássico sob o olhar do Impressionismo. Aqui, luz e transparência dão vida aos veios e criam uma profundidade óptica fascinante, fazendo com que eles parêçam mudar de intensidade conforme o olhar e a luz percorrem o ambiente. Um dos grandes diferenciais está na alta variação de faces, que proporciona paginações mais elegantes, naturais e exclusivas, com desenhos de veios e sombras bem definidos. Nos formatos gigantes, o Calacatta Opera amplia ainda mais essa experiência: menos juntas, maior continuidade visual e uma estética mais sofisticada, ideal para ambientes integrados e projetos de grande escala. Disponível exclusivamente nos acabamentos Soft, com o toque suave da seda e um brilho delicado natural, com textura fosca contemporânea e alta fidelidade visual. Além da estética, entrega a resistência para o uso diário e a facilidade de limpeza que tornam o porcelanato uma escolha prática para projetos sofisticados. Na hora de vender, destaque a grandiosidade dos formatos, a exclusividade da paginação e a riqueza dos veios. Calacatta Opera. A imponência do mármore, reinterpretada pela luz, pela tecnologia e pelo olhar contemporâneo.",https://d8j0ntlcm91z4.cloudfront.net/user_3JGFMEcCYm9tXW9aKRsjPL7gOHM/hf_20260915_080306_4c8714bd-8b25-438e-a5f6-c6033eefceaa.wav
Calacatta-Opera/Calacatta-Opera_take19_Estefani_2026-09-15_97s.mp3,Calacatta-Opera,2026-09-15 08:03,97.8,Estefani,seed_audio,924e5038-d3b6-4345-9b07-eb2eb2cbf4df,"Grandioso como uma apresentação lírica, e poético como uma tela de Monê. o Calacatta Opera reinterpreta o mármore clássico sob o olhar do Impressionismo. Aqui, luz e transparência dão vida aos veios e criam uma profundidade óptica fascinante, fazendo com que eles parêçam mudar de intensidade conforme o olhar e a luz percorrem o ambiente. Um dos grandes diferenciais está na alta variação de faces, que proporciona paginações mais elegantes, naturais e exclusivas, com desenhos de veios e sombras bem definidos. Nos formatos gigantes, o Calacatta Opera amplia ainda mais essa experiência: menos juntas, maior continuidade visual e uma estética mais sofisticada, ideal para ambientes integrados e projetos de grande escala. Disponível exclusivamente nos acabamentos Soft, com o toque suave da seda e um brilho delicado natural, com textura fosca contemporânea e alta fidelidade visual. Além da estética, entrega a resistência para o uso diário e a facilidade de limpeza que tornam o porcelanato uma escolha prática para projetos sofisticados. Na hora de vender, destaque a grandiosidade dos formatos, a exclusividade da paginação e a riqueza dos veios. Calacatta Opera. A imponência do mármore, reinterpretada pela luz, pela tecnologia e pelo olhar contemporâneo.",https://d8j0ntlcm91z4.cloudfront.net/user_3JGFMEcCYm9tXW9aKRsjPL7gOHM/hf_20260915_080300_924e5038-d3b6-4345-9b07-eb2eb2cbf4df.wav
Stone-Lab-Trace/Stone-Lab-Trace_take01_Estefani_2026-09-13_80s.mp3,Stone-Lab-Trace,2026-09-13 06:54,80.0,Estefani,seed_audio,7d101f31-684e-49b3-9f08-302bb520dbd2,"O que nasce quando arquitetos, designers e ceramistas se reúnem para explorar livremente a matéria? Nasce o Trace, a grande estreia da linha Stone Lab. Trace transforma marcas e texturas em linguagem, celebrando a expressão do processo e a essência bruta da pedra, transformando relevo, textura e acabamento em protagonistas do projeto. Sua superfície ultra fosca e de toque seco proporciona uma experiência sensorial única e, além de sofisticada, é prática: não marca com pegadas ou impressões digitais. Disponível nos formatos 9 x 37 cm e 20 x 20 cm, Trace apresenta quatro texturas diferentes em cada tamanho, ampliando as possibilidades de paginação e permitindo criar composições únicas, com riqueza de cores, relevos e detalhes. É uma solução para quem busca valorizar o ambiente nos detalhes ou assumir a materialidade em paredes inteiras, criando superfícies com presença e personalidade. Na hora de vender, explore o toque e o relevo. Mostre que Trace não é apenas uma superfície para revestir, mas uma matéria para compor, combinar e criar. Trace. A beleza está no detalhe da textura e em tudo aquilo que torna cada superfície única.",https://d8j0ntlcm91z4.cloudfront.net/user_3JGFMEcCYm9tXW9aKRsjPL7gOHM/hf_20260913_065419_7d101f31-684e-49b3-9f08-302bb520dbd2.mp3
Stone-Lab-Trace/Stone-Lab-Trace_take02_Estefani_2026-09-13_81s.mp3,Stone-Lab-Trace,2026-09-13 06:54,81.5,Estefani,seed_audio,352ca17d-c5ea-42d5-aa13-cb993b02bfe3,"O que nasce quando arquitetos, designers e ceramistas se reúnem para explorar livremente a matéria? Nasce o Trace, a grande estreia da linha Stone Lab. Trace transforma marcas e texturas em linguagem, celebrando a expressão do processo e a essência bruta da pedra, transformando relevo, textura e acabamento em protagonistas do projeto. Sua superfície ultra fosca e de toque seco proporciona uma experiência sensorial única e, além de sofisticada, é prática: não marca com pegadas ou impressões digitais. Disponível nos formatos 9 x 37 cm e 20 x 20 cm, Trace apresenta quatro texturas diferentes em cada tamanho, ampliando as possibilidades de paginação e permitindo criar composições únicas, com riqueza de cores, relevos e detalhes. É uma solução para quem busca valorizar o ambiente nos detalhes ou assumir a materialidade em paredes inteiras, criando superfícies com presença e personalidade. Na hora de vender, explore o toque e o relevo. Mostre que Trace não é apenas uma superfície para revestir, mas uma matéria para compor, combinar e criar. Trace. A beleza está no detalhe da textura e em tudo aquilo que torna cada superfície única.",https://d8j0ntlcm91z4.cloudfront.net/user_3JGFMEcCYm9tXW9aKRsjPL7gOHM/hf_20260913_065404_352ca17d-c5ea-42d5-aa13-cb993b02bfe3.mp3
Stone-Lab-Trace/Stone-Lab-Trace_take03_Estefani_2026-09-13_99s.mp3,Stone-Lab-Trace,2026-09-13 06:58,99.4,Estefani,seed_audio,f10c133d-aaaf-4df2-8abf-08b744e61dd6,"O que nasce quando arquitetos, designers e ceramistas se reúnem para explorar livremente a matéria? Nasce o Trace, a grande estreia da linha Stone Lab. Trace transforma marcas e texturas em linguagem, celebrando a expressão do processo e a essência bruta da pedra, transformando relevo, textura e acabamento em protagonistas do projeto. Sua superfície ultra fosca e de toque seco proporciona uma experiência sensorial única e, além de sofisticada, é prática: não marca com pegadas ou impressões digitais. Disponível nos formatos 9 x 37 cm e 20 x 20 cm, Trace apresenta quatro texturas diferentes em cada tamanho, ampliando as possibilidades de paginação e permitindo criar composições únicas, com riqueza de cores, relevos e detalhes. É uma solução para quem busca valorizar o ambiente nos detalhes ou assumir a materialidade em paredes inteiras, criando superfícies com presença e personalidade. Na hora de vender, explore o toque e o relevo. Mostre que Trace não é apenas uma superfície para revestir, mas uma matéria para compor, combinar e criar. Trace. A beleza está no detalhe da textura e em tudo aquilo que torna cada superfície única.",https://d8j0ntlcm91z4.cloudfront.net/user_3JGFMEcCYm9tXW9aKRsjPL7gOHM/hf_20260913_065834_f10c133d-aaaf-4df2-8abf-08b744e61dd6.mp3
Stone-Lab-Trace/Stone-Lab-Trace_take04_Estefani_2026-09-13_99s.mp3,Stone-Lab-Trace,2026-09-13 07:11,99.6,Estefani,seed_audio,45fc31a6-8204-408d-b88b-e9a59cde3aa4,"O que nasce quando arquitetos, designers e ceramistas se reúnem para explorar livremente a matéria? Nasce o Trace, a grande estreia da linha Stone Lab. Trace transforma marcas e texturas em linguagem, celebrando a expressão do processo e a essência bruta da pedra, transformando relevo, textura e acabamento em protagonistas do projeto. Sua superfície ultra fosca e de toque seco proporciona uma experiência sensorial única e, além de sofisticada, é prática: não marca com pegadas ou impressões digitais. Disponível nos formatos nove por trinta e sete centímetros e vinte por vinte centímetros, Trace apresenta quatro texturas diferentes em cada tamanho, ampliando as possibilidades de paginação e permitindo criar composições únicas, com riqueza de cores, relevos e detalhes. É uma solução para quem busca valorizar o ambiente nos detalhes ou assumir a materialidade em paredes inteiras, criando superfícies com presença e personalidade. Na hora de vender, explore o toque e o relevo. Mostre que Trace não é apenas uma superfície para revestir, mas uma matéria para compor, combinar e criar. Trace. A beleza está no detalhe da textura e em tudo aquilo que torna cada superfície única.",https://d8j0ntlcm91z4.cloudfront.net/user_3JGFMEcCYm9tXW9aKRsjPL7gOHM/hf_20260913_071113_45fc31a6-8204-408d-b88b-e9a59cde3aa4.mp3
Stone-Lab-Trace/Stone-Lab-Trace_take05_Estefani_2026-09-13_84s.mp3,Stone-Lab-Trace,2026-09-13 08:07,84.9,Estefani,seed_audio,d1133c3b-b269-46ed-a1e6-9cb3a6726ecf,"O que nasce quando arquitetos, designers e ceramistas se reúnem para explorar livremente a matéria?  Nasce o Trace, a grande estreia da linha Stone Lab.  Trace transforma marcas e texturas em linguagem, celebrando a expressão do processo e a essência bruta da pedra, transformando relevo, textura e acabamento em protagonistas do projeto.  Sua superfície ultra fosca e de toque seco proporciona uma experiência sensorial única e, além de sofisticada, é prática: não marca com pegadas ou impressões digitais.  Disponível nos formatos 9 x 37 cm e 20 x 20 cm, Trace apresenta quatro texturas diferentes em cada tamanho, ampliando as possibilidades de paginação e permitindo criar composições únicas, com riqueza de cores, relevos e detalhes.  É uma solução para quem busca valorizar o ambiente nos detalhes ou assumir a materialidade em paredes inteiras, criando superfícies com presença e personalidade.  Na hora de vender, explore o toque e o relevo.  Mostre que Trace não é apenas uma superfície para revestir, mas uma matéria para compor, combinar e criar.  Trace.  A beleza está no detalhe da textura e em tudo aquilo que torna cada superfície única.",https://d8j0ntlcm91z4.cloudfront.net/user_3JGFMEcCYm9tXW9aKRsjPL7gOHM/hf_20260913_080703_d1133c3b-b269-46ed-a1e6-9cb3a6726ecf.wav
Stone-Lab-Trace/Stone-Lab-Trace_take06_Estefani_2026-09-13_77s.mp3,Stone-Lab-Trace,2026-09-13 09:17,77.3,Estefani,seed_audio,0f28a854-0b34-41fc-8b5c-ca73b5d29db8,"O que nasce quando arquitetos, designers e ceramistas se reúnem para explorar livremente a matéria? Nasce o Trace, a grande estreia da linha Stone Lab. Trace transforma marcas e texturas em linguagem, celebrando a expressão do processo e a essência bruta da pedra, transformando relevo, textura e acabamento em protagonistas do projeto. Sua superfície ultra fosca e de toque seco proporciona uma experiência sensorial única e, além de sofisticada, é prática: não marca com pegadas ou impressões digitais. Disponível nos formatos nove por trinta e sete centímetros e vinte por vinte centímetros, Trace apresenta quatro texturas diferentes em cada tamanho, ampliando as possibilidades de paginação e permitindo criar composições únicas, com riqueza de cores, relevos e detalhes. É uma solução para quem busca valorizar o ambiente nos detalhes ou assumir a materialidade em paredes inteiras, criando superfícies com presença e personalidade. Na hora de vender, explore o toque e o relevo. Mostre que Trace não é apenas uma superfície para revestir, mas uma matéria para compor, combinar e criar. Trace. A beleza está no detalhe da textura e em tudo aquilo que torna cada superfície única.",https://d8j0ntlcm91z4.cloudfront.net/user_3JGFMEcCYm9tXW9aKRsjPL7gOHM/hf_20260913_091755_0f28a854-0b34-41fc-8b5c-ca73b5d29db8.wav
Stone-Lab-Trace/Stone-Lab-Trace_take07_Estefani_2026-09-13_87s.mp3,Stone-Lab-Trace,2026-09-13 09:18,87.9,Estefani,seed_audio,3242b3e8-b417-4938-9cf0-001980bf120e,"O que nasce quando arquitetos, designers e ceramistas se reúnem para explorar livremente a matéria? Nasce o Trace, a grande estreia da linha Stone Lab. Trace transforma marcas e texturas em linguagem, celebrando a expressão do processo e a essência bruta da pedra, transformando relevo, textura e acabamento em protagonistas do projeto. Sua superfície ultra fosca e de toque seco proporciona uma experiência sensorial única e, além de sofisticada, é prática: não marca com pegadas ou impressões digitais. Disponível nos formatos nove por trinta e sete centímetros e vinte por vinte centímetros, Trace apresenta quatro texturas diferentes em cada tamanho, ampliando as possibilidades de paginação e permitindo criar composições únicas, com riqueza de cores, relevos e detalhes. É uma solução para quem busca valorizar o ambiente nos detalhes ou assumir a materialidade em paredes inteiras, criando superfícies com presença e personalidade. Na hora de vender, explore o toque e o relevo. Mostre que Trace não é apenas uma superfície para revestir, mas uma matéria para compor, combinar e criar. Trace. A beleza está no detalhe da textura e em tudo aquilo que torna cada superfície única.",https://d8j0ntlcm91z4.cloudfront.net/user_3JGFMEcCYm9tXW9aKRsjPL7gOHM/hf_20260913_091809_3242b3e8-b417-4938-9cf0-001980bf120e.wav
Stone-Lab-Trace/Stone-Lab-Trace_take08_Estefani_2026-09-13_79s.mp3,Stone-Lab-Trace,2026-09-13 11:15,79.0,Estefani,text2speech_v2,1dc9db6b-2d55-4f00-9cdd-d70601078ddb,"O que nasce quando arquitétos, designers e ceramistas se reúnem para explorar livremente a matéria? Nasce o Trace... A grande estreia da linha Stone Lab. Trace transforma marcas e texturas em linguagem, celebrando a expressão do processo e a essência bruta da pedra, transformando relevo, textura e acabamento em protagonistas do projeto. Sua superfície ultra fosca e de toque seco proporciona uma experiência sensorial única e, além de sofisticada, é prática: não marca com pegadas ou impressões digitais. Disponível nos formatos nove por trinta e sete centímetros e vinte por vinte centímetros, Trace apresenta quatro texturas diferentes em cada tamanho, ampliando as possibilidades de paginação e permitindo criar composições únicas, com riqueza de cores, relevos e detalhes. É uma solução para quem busca valorizar o ambiente nos detalhes ou assumir a materialidade em paredes inteiras, criando superfícies com presença e personalidade. Na hora de vender, explore o toque e o relevo. Mostre que Trace não é apenas uma superfície para revestir, mas uma matéria para compor, combinar e criar. Trace. A beleza está no detalhe da textura e em tudo aquilo que torna cada superfície única.",https://d8j0ntlcm91z4.cloudfront.net/user_3JGFMEcCYm9tXW9aKRsjPL7gOHM/hf_20260913_111549_1dc9db6b-2d55-4f00-9cdd-d70601078ddb.mp3
Stone-Lab-Trace/Stone-Lab-Trace_take09_Estefani_2026-09-13_96s.mp3,Stone-Lab-Trace,2026-09-13 11:15,96.3,Estefani,seed_audio,d95958e2-d4a6-4ab6-b764-f7eb362488f5,"O que nasce quando arquitétos, designers e ceramistas se reúnem para explorar livremente a matéria? Nasce o Trace... A grande estreia da linha Stone Lab. Trace transforma marcas e texturas em linguagem, celebrando a expressão do processo e a essência bruta da pedra, transformando relevo, textura e acabamento em protagonistas do projeto. Sua superfície ultra fosca e de toque seco proporciona uma experiência sensorial única e, além de sofisticada, é prática: não marca com pegadas ou impressões digitais. Disponível nos formatos nove por trinta e sete centímetros e vinte por vinte centímetros, Trace apresenta quatro texturas diferentes em cada tamanho, ampliando as possibilidades de paginação e permitindo criar composições únicas, com riqueza de cores, relevos e detalhes. É uma solução para quem busca valorizar o ambiente nos detalhes ou assumir a materialidade em paredes inteiras, criando superfícies com presença e personalidade. Na hora de vender, explore o toque e o relevo. Mostre que Trace não é apenas uma superfície para revestir, mas uma matéria para compor, combinar e criar. Trace. A beleza está no detalhe da textura e em tudo aquilo que torna cada superfície única.",https://d8j0ntlcm91z4.cloudfront.net/user_3JGFMEcCYm9tXW9aKRsjPL7gOHM/hf_20260913_111530_d95958e2-d4a6-4ab6-b764-f7eb362488f5.wav
Stone-Lab-Trace/Stone-Lab-Trace_take10_Estefani_2026-09-13_112s.mp3,Stone-Lab-Trace,2026-09-13 11:19,112.7,Estefani,seed_audio,ade5b549-7807-4ee5-a0b3-58eeec727b86,"O que nasce quando arquitétos, designers e ceramistas se reúnem para explorar livremente a matéria? Nasce o Trace... A grande estreia da linha Stone Lab. Trace transforma marcas e texturas em linguagem, celebrando a expressão do processo e a essência bruta da pedra, transformando relevo, textura e acabamento em protagonistas do projeto. Sua superfície ultra fosca e de toque seco proporciona uma experiência sensorial única e, além de sofisticada, é prática: não marca com pegadas ou impressões digitais. Disponível nos formatos nove por trinta e sete centímetros e vinte por vinte centímetros, Trace apresenta quatro texturas diferentes em cada tamanho, ampliando as possibilidades de paginação e permitindo criar composições únicas, com riqueza de cores, relevos e detalhes. É uma solução para quem busca valorizar o ambiente nos detalhes ou assumir a materialidade em paredes inteiras, criando superfícies com presença e personalidade. Na hora de vender, explore o toque e o relevo. Mostre que Trace não é apenas uma superfície para revestir, mas uma matéria para compor, combinar e criar. Trace. A beleza está no detalhe da textura e em tudo aquilo que torna cada superfície única.",https://d8j0ntlcm91z4.cloudfront.net/user_3JGFMEcCYm9tXW9aKRsjPL7gOHM/hf_20260913_111915_ade5b549-7807-4ee5-a0b3-58eeec727b86.wav
Stone-Lab-Trace/Stone-Lab-Trace_take11_Estefani_2026-09-13_87s.mp3,Stone-Lab-Trace,2026-09-13 14:47,87.4,Estefani,seed_audio,babe11c1-2c59-48c3-b1e8-52ea60c41e2a,"O que nasce quando arquitétos, designers e ceramistas se reúnem para explorar livremente a matéria?  Nasce o Trace... A grande estréia da linha Stone Lab. Trace transforma marcas e texturas em linguagem. Celebrando a expressão do processo e a essência bruta da pedra. Transforma relevo, textura e acabamento em protagonistas do projeto. Sua superfície ultra-fôsca e de toque seco, proporciona uma experiência sensorial única. E além de sofisticada, é prática: não marca com pegadas ou impressões digitais.   Disponível nos formatos nove por trinta e sete centímetros e vinte por vinte centímetros, Trace apresenta quatro texturas diferentes em cada tamanho, ampliando as possibilidades de paginação e permitindo criar composições únicas, com riqueza de cores, relevos e detalhes.  É uma solução para quem busca valorizar o ambiente nos detalhes, ou assumir a materialidade em paredes inteiras. Criando superfícies com presença e personalidade.  Na hora de vender, explore o toque e o relevo. Mostre que Trace não é apenas uma superfície para revestir, mas uma matéria para compor, combinar e criar.  Trace. A beleza está no detalhe da textura e em tudo aquilo que torna cada superfície única.",https://d8j0ntlcm91z4.cloudfront.net/user_3JGFMEcCYm9tXW9aKRsjPL7gOHM/hf_20260913_144734_babe11c1-2c59-48c3-b1e8-52ea60c41e2a.wav
